Timestamp,direction,age group,unit,how did you find the survey?,suggestions,standard HRT,consistent HRT for 3 years,total time on HRT,progesterone,top surgery,breast augmentation,breast reduction or mastectomy,padded bra,hysterectomy,crotch volume,other surgery,plus-size,extra tall,extra short,very muscular,did you shop in birth sex aisle pre-transition and remember your size(s),pre-transition sizes,how well did standard sizing fit pre-transition,how did that change,fit issue with shoulder width,fit issue with sleeve circumference,fit issue with sleeve length,fit issue with chest width,fit issue with breast space ,fit issue with waist size,fit issue with torso length ,fit issue with hip width,fit issue with pant crotch fit,fit issue with leg circumference,fit issue with leg length,other fit issues,underbust circumference,front chest,chest circumference (post-op or binder),bust circumference (standing/no binder),distance from clavicle to inner end of the scar (top surgery),distance between inner ends of your scars (top surgery),distance from clavicle to outer end of the scar (top surgery),distance between outer ends of your scars (top surgery),distance from clavicle to the lowest/bending/middle point of the scar (top surgery),distance between lowest/bending/middle points of your scars (top surgery),underbust circumference (snug),underbust circumference (tight),strap length to underbust (front),strap length to underbust (back),front bust (standing),bust circumference (bent over),bust circumference (lying down),overbust circumference,clavicle to overbust,clavicle to nipple/apex,top cup,bottom cup,outer arc,inner arc,breast spacing,bust circumference (padded bra),height (REQUIRED),nape of the neck to floor,head circumference,neck circumference,base of neck circumference,shoulder (REQUIRED),arm length (REQUIRED),shoulder to elbow,elbow to wrist,bicep circumference (REQUIRED),elbow circumference,wrist circumference,hand circumference,armhole height (front),armhole height (back),sleeve cap,armpit distance,front width,back width,shoulder width (front) (REQUIRED),shoulder width (back),clavicle to shoulder point distance,natural waist circumference (REQUIRED),front (natural) waist,distance from clavicle to natural waist (front) (REQUIRED),"distance from clavicle to natural waist (front, with ruler)",side seam to natural waist,nipple/bust point distance,distance from shoulder to natural waist (front),distance from nipple/bust point to natural waist,distance from underbust to natural waist,"shoulder to natural waist (diagonal, front)","shoulder to natural waist (diagonal, back)",distance from nape of the neck to natural waist (back),distance from shoulder to natural waist (back),nape of the neck to end of ribcage/sternum,end of ribcage/sternum to natural waist,nape of the neck to front natural waist,high hip/low waist circumference (REQUIRED),front (low) waist,natural waist to high hip/low waist distance (front),natural waist to high hip distance (side),natural waist to high hip distance (back),hip circumference (REQUIRED),front hip,natural waist to hip (front),natural waist to hip (side),natural waist to hip (back),fly length (from natural waist),rise to natural waist (REQUIRED),crotch depth,outseam from natural waist (side) (REQUIRED),outseam from natural waist (front),outseam from natural waist (back),inseam,thigh circumference (REQUIRED),knee circumference,calf circumference,ankle circumference,foot entry circumference,knee to floor,ankle to floor
30/01/2026 11:36:40,Transmasc,18-29,inch,Tumblr,"['shirt, tshirt and longsleeve', 'pants']",Yes,Yes,5-10 years,,No,,,,No,No,No,Both,,,No,Yes,"[('UK (2, 4, 6, 8, 10, 12, 14, 16, 18, 20, 22, 24, etc)', '12'), ('International letter sizes (XXS, XS, S, M, L, XL, XXL, 3XL, 4XL, etc)', 'M')]","Somewhat well, but fit issues",For the worse,,,,too small,,too small,too small,too small,too big,too small,too big,,38.583,6.693,41.732,43.307,,,,,,,,,,,,,,,,,,,,,,,67.717,58.661,22.441,15.748,17.323,5.118,22.047,10.236,9.843,12.205,10.236,6.693,,7.874,7.48,9.055,5.118,16.535,,17.323,16.929,6.693,40.551,,13.78,,10.63,8.268,14.173,4.724,2.756,17.323,14.173,15.748,15.354,18.11,4.724,20.866,43.701,9.449,2.756,3.15,2.756,42.52,,10.236,10.236,13.386,15.354,11.024,35.827,43.701,42.126,43.701,29.921,24.016,14.961,14.173,8.268,11.417,18.11,3.543
01/02/2026 17:24:22,Transmasc,30-39,inch,Tumblr,"['Pants (any)', 'Winter coats']","No, Low-dose T (ex. half-dose)",Yes,5-10 years,,No,,,,No,No,No,,,Both,No,Yes,"[('US (00, 0, 2, 4, 6, 8, 10, 12, 14, 16, 18, 20, etc)', '0'), ('Other system: US letter sizes (women) (not sure if same as “international”)', 'XS')]",Very well,For the worse,,,too small,too big,,,too big,too big,,too big,too big,Mens clothes not usually available in XXS,27.0,14.0,30.0,30.0,,,,,,,,,,,,,,,,,,,,,,,62.0,52.0,21.0,12.0,13.5,4.5,21.5,13.0,9.5,9.0,7.75,5.375,7.0,5.5,5.75,4.75,4.0,11.0,12.0,13.0,14.0,6.75,25.0,13.5,12.25,,9.0,,15.5,,,15.5,16.5,15.75,16.0,14.25,5.0,19.25,28.0,,3.0,3.0,2.25,32.5,15.0,7.25,7.75,9.0,7.75,9.5,26.0,39.0,37.5,38.0,28.5,16.75,11.5,12.0,7.5,10.5,17.0,2.75
02/02/2026 05:12:15,Transmasc,30-39,inch,Any other website,['Actually cute overalls & jumpsuits '],Yes,Yes,5-10 years,,Yes,,,,Yes,Extra,Yes,,,By cis standards,No,I don't know/remember my size pre-transition,,N/A,For the better,,,,,,,,,,,,,,18.0,37.0,,,,,,,,,,,,,,,,,,,,,,,,67.0,58.0,21.5,14.0,16.0,6.0,23.0,12.0,9.0,12.0,10.5,6.5,8.5,7.0,8.0,6.0,6.0,14.0,14.0,16.0,18.0,8.0,36.0,,11.0,,7.0,,13.0,,,15.0,15.0,15.0,13.0,18.0,3.0,20.5,38.0,20.0,3.0,4.0,3.5,39.0,18.0,7.0,9.0,8.0,10.0,10.0,33.0,40.0,40.0,40.0,29.0,23.0,15.0,13.5,9.5,13.0,19.0,3.5
05/02/2026 14:14:00,Transfemme,40-49,inch,Reddit,"[""Long tops that don't ride up over the belly!!!"", ""Button-up shirt that's butch but female?""]",Yes,Yes,10+ years,No,,No,No,No,,No,No,Now,,By trans standards,,I don't know/remember my size pre-transition,,Very well,For the worse,too small,too small,,too small,too small,too small,too small,too big,,,,"Ambulatory WC user, so atrophy in legs.",38.189,,,44.882,,,,,,,36.22,35.039,14.173,13.78,27.559,49.606,45.669,41.339,4.331,12.205,6.693,3.937,5.512,6.693,3.15,,64.961,55.118,22.835,14.567,16.535,6.299,21.654,13.386,9.843,14.567,11.417,7.48,9.449,6.299,8.661,5.906,5.906,17.323,22.835,17.323,24.409,9.843,39.764,23.228,15.748,18.11,11.417,11.024,24.016,10.236,6.299,22.047,18.504,16.929,17.717,16.535,8.268,22.047,40.945,22.047,7.087,3.937,5.118,41.732,24.409,9.449,9.843,11.811,11.811,10.63,30.709,37.402,39.764,41.339,27.953,25.197,16.142,14.961,9.055,12.598,15.354,3.543
10/02/2026 13:13:15,Transmasc,18-29,inch,Reddit,"['mens sportwear leggins', 'cheap plain t-shirts']",Yes,Yes,5-10 years,,Yes,,,,No,Extra,No,,,,No,I never shopped in my birth sex's aisle/adult sizes/clothing stores pre-transition,,N/A,For the better,,too small,too big,,,,too big,too big,,too small,too big,"size S/M fits well, though size charts suggest XL+",39.764,18.11,41.339,,,,,,,,,,,,,,,,,,,,,,,,63.386,54.331,23.228,16.929,17.717,6.299,21.654,12.992,9.843,14.173,10.236,5.906,9.055,7.087,,,,,,18.11,18.11,7.874,39.764,21.26,11.811,,7.874,,16.535,,,17.717,16.535,14.567,16.535,17.717,,21.26,38.189,,9.449,6.299,6.299,41.339,19.291,11.811,9.055,12.205,14.173,10.63,35.433,40.551,39.37,40.551,27.165,25.984,13.78,16.535,9.843,11.811,17.323,3.15
12/02/2026 18:42:32,Transmasc,18-29,inch,Discord server,['Trousers that I can wear low (at hipbone)'],Yes,Yes,5-10 years,,Yes,,,,No,No,No,,,By cis standards,No,I never shopped in my birth sex's aisle/adult sizes/clothing stores pre-transition,,N/A,Neutrally,,,too big,,,,,,,,too big,,31.102,8.268,35.433,,5.512,0.787,9.843,14.961,7.48,8.661,,,,,,,,,,,,,,,,,66.142,,21.26,13.78,14.961,6.693,20.866,13.78,9.449,11.024,8.661,5.906,7.48,,,,,,,14.961,,7.874,29.921,,12.205,,,,15.748,,,,,,,9.055,4.724,,33.858,,5.315,6.102,,36.22,,,,,11.417,11.811,,40.157,,,29.134,20.079,12.992,12.598,7.874,10.63,,
18/02/2026 21:07:57,Transmasc,30-39,inch,Tumblr,"['Suits, especially jacket']",Yes,Yes,3-5 years,,No,,,,Yes,No,No,Both,By cis standards,,No,Yes,"[('US (00, 0, 2, 4, 6, 8, 10, 12, 14, 16, 18, 20, etc)', '16')]","Somewhat well, but fit issues",Neutrally,too big,,too big,,,,,,too big,,too big,,47.0,24.0,48.0,52.0,,,,,,,,,,,,,,,,,,,,,,,69.0,59.0,23.0,15.0,16.0,5.0,22.0,12.0,10.0,18.5,11.0,7.0,9.25,9.0,8.5,,5.0,,,17.5,17.5,,47.0,24.0,15.5,,,,,,,,,,,,,,50.0,25.5,6.0,7.0,,47.0,,,,,,6.5,,42.0,,,,28.5,,,,,,
03/05/2026 17:11:16,Transfemme,30-39,inch,Through someone I know / Word of mouth (incl. messaging and email),,Yes,Yes,5-10 years,No,,No,No,No,,No,No,,Both,,,I don't know/remember my size pre-transition,,"Somewhat well, but fit issues",For the worse,,,too small,,,,too small,,,,too small,,35.039,,,40.945,,,,,,,33.858,32.677,13.386,12.992,21.654,41.732,40.945,37.008,5.118,7.874,2.362,1.969,2.756,3.15,3.15,,76.772,,24.409,14.567,,5.118,22.835,,,11.417,,,9.055,,,,,,,16.535,,,34.646,,12.598,13.386,,8.268,17.717,6.693,4.331,,,,,,,,38.189,,4.724,,,40.551,,9.055,,,12.598,12.992,31.496,49.213,,,36.22,23.622,15.748,15.748,10.236,13.78,18.898,3.937
10/05/2026 00:04:58,Transmasc,18-29,inch,Tumblr,"['Jeans/dress pants w/ man pockets for afab waist', 'Button up shirts suited for big chests']",Yes,"No, < 1 year",3-5 years,,No,,,,No,No,No,Pre-transition,,By cis standards,No,Yes,"[('International letter sizes (XXS, XS, S, M, L, XL, XXL, 3XL, 4XL, etc)', 'XL')]","Somewhat well, but fit issues",Neutrally,,,too big,too small,,too small,too big,too small,too big,,,,38.0,19.0,39.5,44.0,,,,,,,,,,,,,,,,,,,,,,,65.5,57.0,22.0,14.0,16.5,5.0,22.0,14.0,9.0,11.5,9.6,6.1,7.9,,,,,,,15.5,17.0,7.0,35.5,17.8,13.0,,10.5,,,,,,16.0,14.8,13.8,16.5,4.5,22.0,40.5,20.5,5.0,5.0,3.0,41.5,18.5,8.0,8.0,7.0,10.8,10.0,28.0,40.0,41.7,42.0,30.5,25.3,15.5,13.6,9.0,12.0,17.5,3.9
10/05/2026 07:25:26,Transmasc,18-29,inch,Tumblr,"['Pants (length)', 'Button up shirt']",Yes,Yes,3-5 years,,Yes,,,,Yes,No,No,Both,,By cis standards,No,Yes,"[('UK (2, 4, 6, 8, 10, 12, 14, 16, 18, 20, 22, 24, etc)', '18'), ('UK (2, 4, 6, 8, 10, 12, 14, 16, 18, 20, 22, 24, etc)', '16'), ('UK (2, 4, 6, 8, 10, 12, 14, 16, 18, 20, 22, 24, etc)', '20')]",Very poorly,Neutrally,too big,too big,too big,,,too small,too big,too small,too big,too big,too big,Fat + short = constantly swimming in clothes,41.732,22.441,43.307,,5.512,1.378,13.386,24.803,9.843,13.583,,,,,,,,,,,,,,,,,65.354,54.331,23.031,17.126,19.291,5.315,21.85,12.008,9.449,13.976,10.827,6.496,8.465,6.89,8.858,5.709,4.921,17.323,15.354,17.717,21.26,7.874,43.701,24.606,13.78,,8.071,9.449,14.173,5.906,3.937,15.551,18.11,13.78,16.535,12.205,3.937,17.52,48.031,25.197,7.087,6.693,7.283,47.244,22.835,8.268,7.087,10.433,15.157,9.843,34.449,38.976,37.795,43.307,30.315,26.969,14.37,16.339,9.646,12.402,19.488,3.346
25/06/2026 21:26:36,Transmasc,30-39,inch,Tumblr,,Yes,Yes,5-10 years,,Yes,,,,No,No,No,,,By cis standards,No,Yes,"[('UK (2, 4, 6, 8, 10, 12, 14, 16, 18, 20, 22, 24, etc)', '6-8')]","Somewhat well, but fit issues",For the worse,too big,too big,too big,too big,,,too big,too small,,too big,,,28.74,14.567,29.528,,,,,,,,,,,,,,,,,,,,,,,,62.992,56.693,22.047,12.598,14.173,5.118,22.047,13.386,10.236,8.661,8.268,5.118,7.087,,,,,12.598,,15.354,13.78,6.299,27.953,,11.417,,,7.874,13.78,,,15.748,,,,13.78,5.512,18.504,31.102,,2.756,3.543,3.15,33.858,16.535,8.661,9.055,,9.843,10.236,25.591,40.551,40.157,,30.315,17.323,12.008,11.811,8.661,10.63,18.11,3.15
25/06/2026 23:28:34,Transmasc,18-29,inch,Tumblr,,Yes,Yes,3-5 years,,Yes,,,,Yes,Extra,No,Now,,,No,I never shopped in my birth sex's aisle/adult sizes/clothing stores pre-transition,,Very well,For the worse,too big,,too big,,,too small,,too small,,,too big,,38.583,16.929,39.37,,,,,,,,,,,,,,,,,,,,,,,,68.11,62.205,21.26,14.37,17.913,5.709,21.654,12.992,10.236,14.764,11.417,6.89,8.465,6.496,8.071,4.528,5.512,14.567,,16.142,,6.299,39.764,21.85,10.039,,8.268,7.48,15.157,,,18.11,,,,13.386,5.906,17.126,45.276,23.228,6.496,5.906,,49.016,23.622,10.433,8.858,12.402,10.63,12.402,40.551,45.866,41.535,46.26,30.118,29.134,17.52,17.323,10.63,13.386,16.339,2.953
25/06/2026 23:45:47,Transmasc,18-29,inch,Tumblr,,Yes,Yes,3-5 years,,No,,,,No,No,No,,By cis standards,,No,Yes,"[('US (00, 0, 2, 4, 6, 8, 10, 12, 14, 16, 18, 20, etc)', '6'), ('International letter sizes (XXS, XS, S, M, L, XL, XXL, 3XL, 4XL, etc)', 'M')]","Somewhat well, but fit issues",Neutrally,,,,,,too big,,,too big,,,question fits bad–am nonbinary–always shopped both,33.0,,,34.5,,,,,,,,,,,,,,,,,,,,,,,71.0,61.5,24.0,13.0,,5.5,23.5,14.0,9.5,10.5,9.5,6.0,8.5,6.5,7.5,5.5,5.0,,,15.5,15.5,,30.0,,13.5,13.5,9.0,8.0,,8.0,6.0,19.0,,17.0,,,,,33.5,,3.5,3.5,,37.0,,,,,13.0,12.5,30.5,45.5,,,33.5,23.0,,15.5,10.5,12.5,,3.0
26/06/2026 06:36:06,Transmasc,30-39,inch,Tumblr,"['Wool or linen vest', 'Wool or linen sport coat']",Yes,Yes,5-10 years,,Yes,,,,Yes,No,No,,,By cis standards,No,Yes,"[('US (00, 0, 2, 4, 6, 8, 10, 12, 14, 16, 18, 20, etc)', '8'), ('International letter sizes (XXS, XS, S, M, L, XL, XXL, 3XL, 4XL, etc)', 'S')]","Somewhat well, but fit issues",Neutrally,too big,too big,too big,too big,,,too big,too small,too big,,too big,,33.0,18.0,35.0,,5.5,0.0,10.0,20.5,7.5,8.0,,,,,,,,,,,,,,,,,62.0,54.0,22.5,14.0,16.0,5.5,21.5,13.0,9.0,11.5,9.25,6.0,7.5,7.0,8.0,6.25,,,,13.25,14.5,7.0,31.0,19.0,12.0,,8.0,9.0,16.5,,,17.0,16.0,14.25,14.5,10.5,6.0,17.5,35.0,,4.0,4.0,6.0,38.5,18.0,9.5,11.0,11.0,12.0,10.5,31.5,37.75,37.0,41.0,29.0,23.0,15.0,15.0,8.0,11.5,16.75,3.0
27/06/2026 04:19:45,Transmasc,40-49,inch,Tumblr,"['swim trunks', 'vest/waistcoat']",Yes,Yes,5-10 years,,Yes,,,,Yes,No,No,Both,,Both,No,I don't know/remember my size pre-transition,,"Poorly, fit issues in special sections",Neutrally,too big,too small,too big,,,too small,too big,,,,,,49.0,,52.0,,5.25,1.0,8.0,30.0,,,,,,,,,,,,,,,,,,,66.0,54.5,23.0,18.5,18.5,6.0,19.0,11.0,9.5,17.25,12.0,7.0,9.0,4.5,,7.5,,16.5,,19.0,,5.25,57.0,33.0,15.5,,11.25,11.5,11.5,9.0,8.5,20.5,,,,8.5,11.0,16.5,52.5,,,3.0,,54.0,30.0,5.0,6.0,,8.5,10.0,29.5,39.0,37.0,,30.0,28.0,18.0,17.0,11.0,,18.0,3.5
27/06/2026 05:22:05,Transmasc,30-39,inch,Tumblr,,Yes,Yes,10+ years,,No,,,,No,No,No,,,By cis standards,No,I don't know/remember my size pre-transition,,"Somewhat well, but fit issues",Neutrally,,,too big,,,,,,,,too big,,34.0,,,37.0,,,,,,,,,,,,,,,,,,,,,,,64.0,52.0,22.0,15.0,19.0,4.0,22.0,12.0,10.0,11.0,10.0,6.0,8.0,6.0,7.0,5.0,4.0,14.0,14.0,15.0,16.0,7.0,32.0,18.0,11.0,,7.0,8.0,15.0,5.0,3.5,16.0,15.0,13.0,14.0,16.0,3.0,18.0,32.0,17.0,7.0,6.0,6.0,38.0,19.0,12.0,11.0,11.0,13.0,11.0,32.0,40.0,41.0,40.0,29.0,23.0,14.0,15.0,8.5,11.5,17.0,3.5
27/06/2026 06:14:25,Transmasc,18-29,inch,Tumblr,,Yes,Yes,5-10 years,,No,,,,No,No,No,,,By trans standards,No,I don't know/remember my size pre-transition,,"Somewhat well, but fit issues",Neutrally,,,,,,too big,,,,,too big,,32.5,3.5,34.0,36.0,,,,,,,,,,,,,,,,,,,,,,,62.0,52.0,22.0,13.0,15.0,5.5,19.0,11.0,8.5,10.0,9.0,6.0,7.5,7.0,8.0,6.0,4.5,13.0,13.0,15.0,16.0,6.5,28.0,,10.5,11.0,6.5,7.5,15.5,4.5,3.5,15.0,14.0,13.0,14.5,15.5,4.5,18.5,32.0,,5.0,4.0,4.0,34.0,,6.5,7.0,8.0,12.0,12.0,27.5,41.5,40.0,40.0,29.5,18.0,12.0,12.5,9.0,10.5,17.5,3.0
27/06/2026 07:02:47,Transfemme,30-39,inch,Tumblr,"['lolita dresses', 'anything long sleeved']",Yes,Yes,5-10 years,Yes,,No,No,Yes,,Extra,No,,By cis standards,,,Yes,"[('International letter sizes (XXS, XS, S, M, L, XL, XXL, 3XL, 4XL, etc)', 'm')]",Very well,For the worse,too small,too small,too small,,,too small,too small,,too small,too small,too small,,40.551,,,45.276,,,,,,,39.764,39.37,15.748,14.173,25.197,48.031,46.063,43.307,4.724,9.449,4.724,3.543,5.512,5.118,2.362,46.85,72.047,,23.622,16.535,18.504,7.874,24.803,14.173,10.63,14.961,11.811,7.874,9.449,,,,,,,19.685,,,37.795,,15.354,,,,,,,,,,,,,,41.339,,,,,46.85,,,,,,14.173,,45.669,,,,27.165,,,,,,
27/06/2026 10:36:37,Transmasc,18-29,inch,Tumblr,"['dress shirts', 'tank tops']",Yes,Yes,3-5 years,,Yes,,,,No,No,No,,,By cis standards,No,I don't know/remember my size pre-transition,,"Somewhat well, but fit issues",For the worse,,,too big,,,,too big,too small,,,too big,,36.614,18.898,37.402,,6.299,1.575,11.024,18.898,8.661,12.205,,,,,,,,,,,,,,,,,64.961,55.512,23.228,15.354,18.11,5.512,22.835,13.386,10.236,14.173,11.024,7.087,9.055,7.48,7.48,6.693,5.512,14.567,,16.535,,8.661,34.252,18.11,12.598,12.598,9.055,9.449,16.142,,,17.323,16.535,15.748,16.535,15.748,6.299,22.047,37.008,19.685,2.362,3.543,,41.339,18.898,11.811,11.417,,8.661,11.811,27.165,40.551,40.157,,29.921,22.047,15.354,15.748,9.449,13.386,18.898,3.937
27/06/2026 10:43:11,Transmasc,18-29,inch,Tumblr,['close fitting shorts'],"No, Low-dose T (ex. half-dose), Anything else","No, 1-2 years",3-5 years,,Yes,,,,No,No,No,Pre-transition,,By cis standards,No,Yes,"[('UK (2, 4, 6, 8, 10, 12, 14, 16, 18, 20, 22, 24, etc)', '16'), ('International letter sizes (XXS, XS, S, M, L, XL, XXL, 3XL, 4XL, etc)', 'XL')]","Somewhat well, but fit issues",For the better,,,too big,,,,,,too big,too big,too big,,39.37,21.26,42.52,,7.087,0.787,13.583,25.984,10.236,12.598,,,,,,,,,,,,,,,,,64.961,55.512,22.441,15.551,17.717,5.118,20.866,12.992,9.843,12.205,10.236,6.496,9.252,7.087,8.071,6.89,5.551,16.929,20.866,17.323,19.291,7.48,39.764,22.441,13.386,13.386,9.843,8.465,15.748,5.118,,18.11,16.142,14.37,15.354,14.173,5.512,20.866,41.732,23.228,4.331,4.331,3.543,44.291,17.323,10.236,10.236,11.024,15.354,12.598,35.433,42.52,41.732,42.913,29.921,25.591,16.142,16.535,11.024,12.402,17.717,3.346
27/06/2026 13:30:01,Transmasc,18-29,inch,Tumblr,,Yes,Yes,3-5 years,,Yes,,,,No,No,No,,,By cis standards,No,Yes,"[('International letter sizes (XXS, XS, S, M, L, XL, XXL, 3XL, 4XL, etc)', 'S')]",Very well,Neutrally,,,,,,too big,,,too big,,too big,,31.102,17.717,34.252,,5.512,0.787,8.661,15.748,8.268,8.268,,,,,,,,,,,,,,,,,61.024,47.244,22.835,14.173,17.323,7.087,21.654,11.811,9.449,10.63,9.449,5.906,7.874,7.087,7.087,7.48,6.693,12.598,12.992,17.323,17.717,7.087,30.709,18.898,13.78,13.78,8.268,8.661,15.748,8.268,7.087,16.929,16.142,15.354,15.748,11.024,4.724,15.748,32.283,19.291,6.299,6.693,6.693,39.37,18.898,9.843,9.843,10.63,11.024,11.417,28.74,33.465,37.795,38.583,29.134,20.472,14.961,12.598,9.055,12.992,16.142,3.15
27/06/2026 16:20:55,Transmasc,30-39,inch,Tumblr,,Yes,Yes,5-10 years,,Yes,,,,No,No,No,Both,,By cis standards,No,Yes,"[('EU (32, 34, 36, 38, 40, 42, 44, 46, 48, 50, 52, 54, 56, 58, 60, 62, 64, 66, etc)', '44-48'), ('International letter sizes (XXS, XS, S, M, L, XL, XXL, 3XL, 4XL, etc)', 'M-XL')]",Very well,Neutrally,,,,,,too small,,too small,,,too big,,46.85,24.016,49.213,,7.48,1.181,12.992,22.047,11.024,11.417,,,,,,,,,,,,,,,,,67.323,,25.197,19.685,22.047,6.299,23.622,14.961,10.236,14.961,12.205,7.48,9.449,10.236,,,,,,16.929,,8.268,45.669,25.197,14.173,,8.661,9.449,20.079,8.268,5.512,21.654,,,,,,,47.244,27.559,,,,48.425,22.441,,,,,12.205,30.709,44.488,,,,26.378,16.535,17.717,11.024,,,
27/06/2026 16:36:58,Transmasc,18-29,inch,Tumblr,,Yes,Yes,5-10 years,,No,,,,No,No,No,Now,,By cis standards,No,I don't know/remember my size pre-transition,,N/A,Not applicable,too small,,too big,too small,,too small,,too small,,,too big,,37.008,24.409,40.551,42.126,,,,,,,,,,,,,,,,,,,,,,,59.843,50.0,23.228,15.118,16.535,5.906,18.504,11.417,9.055,13.78,10.236,6.299,7.087,6.693,7.48,5.118,5.906,13.78,15.354,16.142,17.323,7.874,37.402,19.291,12.205,,7.087,5.906,15.748,3.543,4.331,14.567,15.748,11.811,10.63,12.205,3.937,16.535,41.339,21.26,7.087,7.087,5.906,41.339,21.654,9.449,9.449,9.843,14.173,11.024,31.496,38.189,37.402,38.189,25.984,24.803,15.354,15.354,9.449,12.598,15.354,2.756
27/06/2026 16:50:59,Transmasc,18-29,inch,Tumblr,"['3 piece suit i.e. blazer, button-up shirt, slacks', 't-shirts that are boxy, but end at my belt-line']",Yes,Yes,3-5 years,,Yes,,,,Yes,No,No,Both,,By cis standards,No,Yes,"[('US (00, 0, 2, 4, 6, 8, 10, 12, 14, 16, 18, 20, etc)', '16-18')]","Poorly, special sections",For the worse,too big,too small,too big,too big,,,too big,too small,,too small,too big,,37.0,20.0,38.0,,,,,24.0,6.0,11.0,,,,,,,,,,,,,,,,,64.0,57.0,22.0,13.75,14.5,5.5,20.0,12.0,11.0,15.0,,6.0,7.0,6.0,,6.0,,16.0,17.0,17.5,,7.5,39.0,22.5,16.0,,12.0,,17.5,,,18.0,,18.0,,,,,44.0,25.0,4.5,4.5,,44.0,17.5,,,,9.5,10.0,27.5,37.5,37.0,,29.0,25.5,16.5,16.0,9.5,13.0,15.5,2.25
27/06/2026 17:38:17,Transmasc,18-29,inch,Tumblr,,Yes,Yes,5-10 years,,No,,,,No,No,No,,,,No,I don't know/remember my size pre-transition,,Very well,For the worse,too big,too big,,,,,,,,,too big,,30.709,,,33.071,,,,,,,,,,,,,,,,,,,,,,,64.567,55.906,22.047,14.173,16.929,5.512,20.472,13.386,11.024,10.63,11.417,5.906,7.087,5.906,8.268,7.087,3.937,13.386,15.748,16.535,16.142,8.661,27.953,15.354,11.417,13.78,9.055,8.661,16.535,5.512,4.331,16.535,,18.504,,11.811,5.118,17.323,33.465,,5.118,5.906,3.937,35.827,,8.661,13.78,,11.417,10.63,27.953,40.551,,,31.102,18.898,,,,,18.11,4.331
27/06/2026 20:15:01,Transmasc,18-29,inch,Tumblr,,Yes,Yes,3-5 years,,No,,,,No,Extra,No,,,By cis standards,No,I don't know/remember my size pre-transition,,"Somewhat well, but fit issues",For the better,too small,too small,too big,too big,,,too big,too small,too small,too small,too big,,29.5,31.0,29.0,32.0,,,,,,,,,,,,,,,,,,,,,,,65.0,53.0,21.0,12.5,16.0,6.0,21.0,13.0,9.5,11.0,9.0,5.75,7.5,7.0,7.5,7.0,3.0,12.25,13.0,16.0,16.0,8.0,26.5,14.0,11.0,11.25,6.5,8.0,16.0,6.0,6.0,15.0,14.0,12.0,13.0,11.0,5.5,16.0,29.0,,5.0,4.5,5.0,34.0,16.0,8.0,7.5,9.0,13.0,10.0,28.0,40.0,41.0,43.0,30.0,19.5,12.5,12.5,9.5,11.0,18.0,3.0
27/06/2026 23:28:03,Transmasc,18-29,inch,Tumblr,"['Long sleeve turtleneck', 'Fitted tank top']",Yes,Yes,5-10 years,,Yes,,,,No,No,No,,,Both,Yes,Yes,"[('EU (32, 34, 36, 38, 40, 42, 44, 46, 48, 50, 52, 54, 56, 58, 60, 62, 64, 66, etc)', '32'), ('International letter sizes (XXS, XS, S, M, L, XL, XXL, 3XL, 4XL, etc)', 'XXS')]","Somewhat well, but fit issues",For the worse,,too big,too big,,,,too big,too big,too big,too big,too big,Sleeve hole (sagging fabric under armpit),31.102,15.748,33.071,,6.693,2.756,7.874,13.386,7.48,9.449,,,,,,,,,,,,,,,,,64.567,59.449,21.26,12.992,17.717,5.118,20.472,12.992,9.055,12.992,9.449,5.906,8.268,6.299,7.874,6.299,3.543,12.598,14.173,14.567,16.142,7.48,33.858,13.386,12.598,12.598,7.874,9.055,12.598,,,15.354,16.535,15.354,16.535,15.354,5.906,18.898,27.559,13.78,3.543,3.15,3.15,25.591,14.567,10.63,8.268,10.236,9.055,9.843,24.409,39.764,40.157,40.945,28.134,18.11,12.205,13.386,8.268,11.417,16.929,3.15
27/06/2026 23:36:11,Transmasc,18-29,inch,Tumblr,,Yes,Yes,5-10 years,,Yes,,,,No,No,No,,,By cis standards,No,I don't know/remember my size pre-transition,,Very well,For the worse,too big,too big,too big,too small,,,too small,,too big,too big,too big,,40.0,21.0,42.5,,7.5,4.0,11.0,18.5,9.5,12.5,,,,,,,,,,,,,,,,,68.0,57.0,,17.5,19.0,6.0,23.0,12.5,10.5,14.0,11.0,6.5,8.5,,,,,,,19.0,20.0,10.0,42.5,23.5,13.5,,,,16.5,,,17.5,18.0,,,,,,43.0,22.0,7.5,5.0,4.5,45.5,22.0,12.5,12.5,11.0,14.0,14.0,35.0,43.0,43.0,,30.5,27.0,14.5,15.5,9.0,12.5,19.0,3.5
27/06/2026 23:48:41,Transmasc,30-39,inch,Tumblr,,"No, Low-dose T (ex. half-dose)",Yes,3-5 years,,No,,,,No,No,No,,,,No,I don't know/remember my size pre-transition,,"Somewhat well, but fit issues",Neutrally,,,,,,too big,,too small,,,,With pants: butt is tight and front is too roomy..,36.0,18.5,38.0,40.0,,,,,,,,,,,,,,,,,,,,,,,69.5,58.0,21.5,14.0,18.5,5.0,22.0,13.0,11.0,13.0,12.5,6.5,8.5,6.5,7.5,5.5,4.0,15.0,16.0,18.0,17.0,9.0,34.5,19.0,12.5,13.5,10.0,9.0,17.5,7.5,5.0,18.0,18.5,17.0,18.0,16.5,5.5,22.0,41.0,20.0,5.0,4.0,3.5,42.0,21.0,8.0,8.5,8.5,10.5,12.0,27.0,44.0,43.5,44.0,32.0,24.0,15.5,17.0,10.0,12.0,18.0,3.0
28/06/2026 00:16:18,Transmasc,30-39,inch,Tumblr,"['trousers', 'suit']",Yes,"No, 1-2 years",3-5 years,,Yes,,,,No,No,No,,,Both,No,Yes,"[('UK (2, 4, 6, 8, 10, 12, 14, 16, 18, 20, 22, 24, etc)', '8'), ('International letter sizes (XXS, XS, S, M, L, XL, XXL, 3XL, 4XL, etc)', 'XS-S')]","Somewhat well, but fit issues",For the worse,too big,too big,too big,too big,,too big,too big,too small,too small,too small,too big,,29.921,14.961,31.102,,5.512,1.969,7.874,14.567,6.299,6.693,,,,,,,,,,,,,,,,,61.811,52.362,21.26,12.598,14.961,5.512,20.866,11.024,9.843,10.63,9.055,5.709,7.874,6.299,5.906,4.331,,10.827,11.024,13.78,14.567,7.087,28.346,13.78,11.024,,7.087,7.087,12.992,,,12.992,14.173,13.583,14.173,13.78,3.937,17.323,31.89,16.142,4.724,3.543,3.937,36.614,18.11,9.843,10.236,10.63,9.843,11.417,29.134,39.37,,,27.953,21.654,13.386,13.386,9.055,11.417,,
28/06/2026 00:28:18,Transmasc,30-39,inch,Through someone I know / Word of mouth (incl. messaging and email),"['Button-up', 'Dress trousers']",Yes,Yes,5-10 years,,Yes,,,,No,No,No,Both,,Both,No,Yes,"[('US (00, 0, 2, 4, 6, 8, 10, 12, 14, 16, 18, 20, etc)', '20'), ('US (00, 0, 2, 4, 6, 8, 10, 12, 14, 16, 18, 20, etc)', '18W')]",Very poorly,Neutrally,too small,too small,too small,too big,,too small,too small,too small,too big,too small,too small,,43.0,23.0,45.0,,8.0,4.5,10.0,19.0,10.5,11.0,,,,,,,,,,,,,,,,,61.5,52.0,22.0,15.0,16.0,8.0,22.5,12.0,11.2,16.0,13.0,7.1,10.0,8.0,9.5,6.5,7.0,18.0,19.0,20.0,21.0,9.0,42.0,24.0,17.5,17.0,10.0,12.0,22.0,,8.5,24.5,23.0,17.5,21.0,21.0,5.5,25.0,47.0,26.0,4.0,4.0,4.5,51.0,26.0,11.0,10.0,13.0,14.0,13.0,35.5,37.0,37.5,39.0,28.0,30.0,18.0,19.5,10.0,12.5,21.0,4.5
28/06/2026 00:43:40,Transfemme,18-29,inch,Through someone I know / Word of mouth (incl. messaging and email),,Yes,Yes,3-5 years,No,,No,No,No,,Extra,No,Pre-transition,,,,Yes,"[('International letter sizes (XXS, XS, S, M, L, XL, XXL, 3XL, 4XL, etc)', 'Xxxl')]","Poorly, didn't access special sections",For the better,too small,too small,too small,too small,,,too small,too small,,too small,too small,,40.0,,,42.0,,,,,,,39.0,39.0,16.0,16.0,7.0,45.0,43.0,41.0,6.0,11.0,4.0,3.0,6.0,5.0,4.5,,76.0,60.0,22.5,16.0,16.0,,,13.0,13.0,13.0,11.0,7.0,9.0,11.0,11.0,7.0,3.0,15.0,14.0,18.0,17.0,9.0,34.0,18.0,14.0,14.0,11.0,10.0,19.0,7.5,5.0,19.0,17.0,18.0,17.5,16.0,3.0,17.0,44.0,26.0,6.0,3.0,2.0,41.0,20.0,9.0,8.0,7.0,10.0,11.0,36.0,44.0,46.0,44.5,33.0,23.0,15.5,15.5,11.0,14.5,22.0,4.0
28/06/2026 03:11:50,Transfemme,40-49,inch,Through someone I know / Word of mouth (incl. messaging and email),,Yes,Yes,3-5 years,Yes,,No,No,No,,Extra,No,Both,,,,Yes,"[('International letter sizes (XXS, XS, S, M, L, XL, XXL, 3XL, 4XL, etc)', 'XXL')]","Somewhat well, but fit issues",For the better,,,,,too big,,,,too big,,,,45.0,,,50.0,,,,,,,44.0,43.5,,,,51.5,50.0,46.0,,,,,,,,,68.0,,,17.0,,5.0,24.0,,,17.0,,7.5,10.0,,,,,,,16.0,,,44.0,,,,,,,,,,,,,,,,55.0,,,,,54.5,,,,,,17.0,,47.0,,,,31.5,,,,,,
28/06/2026 11:06:18,Transmasc,18-29,inch,Tumblr,"['trousers', 'dress shirts and waistcoats']",Yes,"No, < 1 year",3-5 years,,Yes,,,,No,No,No,,,By cis standards,No,Yes,"[('EU (32, 34, 36, 38, 40, 42, 44, 46, 48, 50, 52, 54, 56, 58, 60, 62, 64, 66, etc)', '34'), ('International letter sizes (XXS, XS, S, M, L, XL, XXL, 3XL, 4XL, etc)', 'XS')]","Somewhat well, but fit issues",For the worse,too big,too big,too big,too big,,too big,too big,too big,too big,,too big,,28.937,14.173,29.724,,5.906,1.772,7.087,14.567,7.48,7.677,,,,,,,,,,,,,,,,,61.811,52.756,22.441,12.795,13.386,5.315,21.063,11.811,9.055,9.449,8.661,5.512,7.874,6.299,5.906,4.921,3.937,13.189,13.386,14.37,13.976,7.48,25.787,,11.417,,8.268,7.087,13.78,,,13.78,14.173,13.78,13.386,12.992,4.528,17.717,27.953,,2.756,3.15,1.969,33.465,14.173,6.693,7.874,8.268,9.449,9.055,25.984,38.976,38.583,38.189,29.528,18.701,12.008,13.583,8.661,11.024,16.535,2.756
28/06/2026 12:06:05,Transmasc,40-49,inch,In person event,"['suits', 'pants', 'boxers']",Yes,Yes,3-5 years,,Yes,,,,Yes,Extra,No,,,By cis standards,Yes,I never shopped in my birth sex's aisle/adult sizes/clothing stores pre-transition,,N/A,Not applicable,,,,,,too small,,,,,,underwear band cuts into sides,36.417,20.669,38.189,,5.906,0.0,11.417,16.929,7.874,8.268,,,,,,,,,,,,,,,,,62.598,53.937,22.047,14.173,15.748,5.906,20.866,11.22,10.236,13.386,10.236,6.496,9.055,,,,,12.598,16.614,15.748,18.11,8.268,34.843,17.717,12.205,,7.48,7.874,14.567,7.087,5.512,15.354,16.142,13.78,14.961,14.173,6.693,18.898,36.22,19.291,7.087,5.906,4.331,44.882,,9.055,9.449,9.055,,8.661,30.709,40.945,39.37,41.339,30.315,24.409,14.173,13.78,9.055,,16.929,4.331
28/06/2026 12:20:26,Transfemme,30-39,inch,In person event,"['jumpsuits', 'dungarees', 'blouses']","No, Neither T-blockers nor surgery",Yes,5-10 years,No,,Yes,No,No,,Extra,No,Now,Both,,,I don't know/remember my size pre-transition,,N/A,Not applicable,too small,,too small,,too small,,too small,too big,too small,too small,too small,,41.732,,,50.0,,,,,,,39.961,39.567,,,28.74,,,46.457,2.756,9.449,,,,,,,74.016,,23.622,16.929,19.291,5.906,25.197,14.173,11.417,12.598,11.811,7.283,9.843,,,,,15.748,15.945,17.323,18.11,9.843,41.732,22.047,,14.567,7.48,11.22,17.323,7.48,3.937,19.291,16.929,16.929,16.535,19.685,5.512,24.016,43.701,22.835,4.331,3.937,2.362,44.882,22.047,7.874,7.874,8.661,,12.992,,50.0,50.394,48.425,,25.984,16.535,16.535,9.843,,21.26,4.331
28/06/2026 12:48:37,Transfemme,18-29,inch,In person event,,Yes,Yes,3-5 years,No,,No,No,No,,Extra,No,,Both,,,Yes,"[('International letter sizes (XXS, XS, S, M, L, XL, XXL, 3XL, 4XL, etc)', 'XS')]","Poorly, didn't access special sections",For the worse,too small,too small,too small,,too big,,,too small,,too big,too small,,29.528,,,34.252,,,,,,,29.134,28.346,12.205,11.417,19.291,37.008,,33.071,5.906,8.268,,,,,,,74.016,,22.047,12.992,16.142,,24.016,13.386,10.63,9.055,9.843,7.087,8.661,,,,,12.992,12.598,18.11,17.717,7.087,27.559,15.354,16.929,,8.661,9.055,16.142,11.024,7.087,19.685,16.929,14.567,17.323,9.449,6.299,15.748,29.921,,5.118,4.331,3.937,37.008,17.717,7.48,6.693,7.087,,11.024,,40.551,39.764,38.976,29.528,17.717,13.78,12.598,9.449,,22.047,4.724
28/06/2026 13:01:41,Transfemme,18-29,inch,In person event,"['cargo pants', 'jeans']",Yes,Yes,5-10 years,Yes,,No,No,No,,Extra,No,Both,,,,Yes,"[('International letter sizes (XXS, XS, S, M, L, XL, XXL, 3XL, 4XL, etc)', 'M')]","Somewhat well, but fit issues",For the better,,too small,,too small,,too small,,,too small,too small,,,38.78,,,42.913,,,,,,,37.795,37.402,,,22.047,,,39.37,3.937,8.661,,,,,,,68.11,58.661,25.0,14.961,17.323,5.906,22.441,11.811,9.843,12.992,11.417,7.48,9.646,,,,,14.567,15.748,16.929,19.685,9.449,37.402,18.898,,13.386,5.512,8.268,17.913,7.087,3.937,17.717,16.929,17.717,15.748,17.717,6.299,21.457,39.37,22.244,3.543,4.724,3.543,45.472,22.047,7.087,9.055,9.843,,13.78,36.614,44.094,43.898,43.307,30.118,26.772,17.52,17.126,10.236,,20.472,6.299
28/06/2026 13:16:10,Transfemme,18-29,inch,In person event,['bras'],Yes,Yes,5-10 years,Yes,,No,No,No,,Extra,No,,,,,Yes,"[('International letter sizes (XXS, XS, S, M, L, XL, XXL, 3XL, 4XL, etc)', 'S'), ('International letter sizes (XXS, XS, S, M, L, XL, XXL, 3XL, 4XL, etc)', 'M')]","Poorly, didn't access special sections",For the better,,,,,,,,,,,,noted maybe bc she sometimes adjusts her clothes,30.709,,,35.039,,,,,,,29.921,29.528,11.417,14.567,18.898,34.252,,29.134,4.724,7.087,,,,,,,64.961,,22.047,13.386,17.323,,21.26,11.417,9.843,10.63,9.449,7.087,8.268,,,,,11.417,12.992,15.748,17.717,,29.134,14.567,11.811,,5.906,7.087,11.811,10.63,5.906,16.142,14.567,14.173,15.354,10.63,5.512,12.992,33.071,16.535,3.543,3.937,3.15,36.614,15.748,6.693,7.087,7.087,,11.024,,36.22,36.614,37.402,28.74,20.472,15.354,12.205,10.63,,20.079,4.724
28/06/2026 13:40:45,Transfemme,30-39,inch,In person event,['underwear'],"No, Neither T-blockers nor surgery","No, < 1 year",3-5 years,Yes,,No,No,No,,No,No,,,,,Yes,"[('International letter sizes (XXS, XS, S, M, L, XL, XXL, 3XL, 4XL, etc)', 'S'), ('International letter sizes (XXS, XS, S, M, L, XL, XXL, 3XL, 4XL, etc)', 'M')]",N/A,Not applicable,,,,,,,,,too small,,,,33.465,,,38.189,,,,,,,32.874,32.48,,,19.882,,,38.976,3.937,7.48,,,,,,,68.11,58.268,22.835,14.37,15.551,6.89,22.441,13.386,10.63,12.598,11.024,6.89,8.661,,,,,14.961,16.142,18.11,22.047,8.268,32.677,16.339,,12.598,6.693,8.268,15.354,5.906,3.74,16.732,16.535,16.535,15.354,14.961,5.118,19.685,35.039,17.126,3.937,3.543,3.937,41.339,19.882,7.087,6.693,8.465,,11.811,37.008,43.701,46.063,45.276,33.071,24.606,17.717,16.732,10.827,,20.866,4.724
28/06/2026 13:51:23,Transfemme,40-49,inch,In person event,"['pants', 'skirts', 'upper body garments']","No, Neither T-blockers nor surgery","No, < 1 year",3-5 years,Yes,,No,No,No,,No,No,,Both,,,I don't know/remember my size pre-transition,,N/A,Not applicable,too small,,too small,too small,,too small,too big,,too small,too small,too small,,38.976,,,43.701,,,,,,,37.008,37.402,14.961,13.386,23.622,44.882,,40.157,4.724,10.63,,,,,,,74.016,,,14.961,19.291,8.268,25.591,14.173,12.205,14.567,12.205,7.48,9.843,,,,,15.354,15.354,18.898,18.504,8.268,37.008,18.898,15.354,,7.48,7.874,17.717,7.48,5.118,19.291,18.504,16.929,16.535,10.236,4.724,13.78,42.52,20.866,4.331,5.118,5.118,46.063,22.835,7.874,9.055,8.268,,10.63,,44.488,41.339,42.52,37.402,27.165,18.11,17.323,11.024,,25.197,5.512
28/06/2026 13:56:38,Transfemme,40-49,inch,In person event,,"No, Neither T-blockers nor surgery",Yes,10+ years,No,,Yes,No,No,,No,No,,,,,I never shopped in my birth sex's aisle/adult sizes/clothing stores pre-transition,,N/A,Not applicable,,,,,,,too big,,,,,,31.693,,,36.22,,,,,,,,,,,,,,,,,,,,,,,64.567,,,,,5.315,20.079,,,10.039,,,,,,,,,,16.535,,,27.559,,,14.37,,,,,,,,,,,,,30.906,,,,,35.433,,,,,,10.039,,40.748,,,,19.291,,,,,,
28/06/2026 14:04:02,Transfemme,18-29,inch,In person event,['short business skirt (no pleats)'],Yes,Yes,5-10 years,No,,No,No,No,,Extra,No,,By cis standards,,,Yes,"[('Other system: UK trouser sizes', '30/32'), ('Other system: UK? sizes', '36')]",Very well,For the worse,too small,,too small,too small,,,,,too small,,,,32.283,,,37.402,,,,,,,31.496,30.709,,,22.441,,,35.039,,,,,,,,,70.079,,,14.37,15.748,5.906,23.031,,,10.236,,,,,,,,,,16.535,,,30.512,,,13.189,,9.055,,,,,,,,,,,34.055,,,,,40.354,,,,,,10.433,,44.882,,,,21.063,,,,,,
28/06/2026 14:11:42,Transfemme,40-49,inch,In person event,"['jumpsuits', 'maxi dress']",Yes,Yes,3-5 years,Yes,,No,No,Yes,,No,No,,Both,,,Yes,"[('International letter sizes (XXS, XS, S, M, L, XL, XXL, 3XL, 4XL, etc)', 'M')]",Very well,For the worse,too small,,too small,too small,too small,,too small,,too small,,too small,,38.78,,,41.339,,,,,,,37.795,36.614,,,,,,41.339,3.15,9.055,,,,,,42.913,74.803,,24.016,16.142,17.717,6.299,25.197,13.976,12.205,12.795,12.205,7.283,9.449,,,,,14.961,16.535,17.717,19.291,9.449,37.795,18.898,,14.961,9.252,8.661,19.291,8.268,4.724,20.079,19.291,19.094,18.11,16.535,5.512,22.441,39.37,20.472,3.937,4.134,3.543,43.307,21.26,,,,,12.992,,49.606,48.228,46.457,,22.441,17.717,15.157,9.449,,23.622,4.724
28/06/2026 16:48:51,Transfemme,30-39,inch,Tumblr,"['Winter coats', 'One piece swimsuit']",Yes,Yes,5-10 years,Yes,,No,No,No,,No,No,,Both,,,I don't know/remember my size pre-transition,,"Somewhat well, but fit issues",For the worse,too small,too small,too small,too small,too big,,too small,too big,,,too small,,35.039,,,39.37,,,,,,,34.252,33.071,13.78,15.748,21.26,40.945,38.583,38.189,3.937,8.268,3.543,3.15,4.331,3.543,2.756,,73.228,59.449,23.622,14.173,16.535,5.906,23.622,13.386,11.417,11.417,10.63,6.693,,7.874,8.268,6.299,4.724,16.929,,17.323,,8.661,31.496,17.717,15.748,19.291,10.63,9.055,20.079,8.268,5.512,20.079,22.835,17.323,20.472,15.748,6.693,24.803,34.646,15.748,1.969,2.756,2.362,39.764,20.079,7.087,9.449,9.449,11.417,11.024,29.134,45.276,48.031,,33.858,21.654,15.748,14.961,11.024,14.173,20.079,4.331
28/06/2026 17:36:17,Transmasc,30-39,inch,Tumblr,,Yes,Yes,5-10 years,,No,,,,No,No,No,Both,,Both,No,Yes,"[('US (00, 0, 2, 4, 6, 8, 10, 12, 14, 16, 18, 20, etc)', '16')]","Somewhat well, but fit issues",Neutrally,,,too big,,,,,too small,,,,,37.0,16.5,40.0,42.0,,,,,,,,,,,,,,,,,,,,,,,63.5,53.5,22.0,15.0,18.0,5.0,20.0,13.0,11.0,13.0,10.0,6.0,7.75,7.0,6.0,4.5,4.5,15.0,16.0,17.0,18.0,7.5,37.0,19.5,14.0,14.0,9.5,7.0,17.0,8.0,4.0,18.0,16.0,14.0,15.0,19.0,4.5,22.5,40.0,23.0,4.0,2.5,4.0,45.0,23.5,11.5,11.0,11.5,11.0,11.0,33.0,40.0,41.0,43.0,29.0,28.0,15.0,15.0,8.5,11.5,17.0,4.0
28/06/2026 22:54:38,Transmasc,18-29,inch,Tumblr,"[""masc shoes size US women's 9 and below"", 'pants with more room for hips, butt, and thighs']",Yes,Yes,3-5 years,,Yes,,,,No,No,No,,By trans standards,,No,Yes,"[('US (00, 0, 2, 4, 6, 8, 10, 12, 14, 16, 18, 20, etc)', '8'), ('International letter sizes (XXS, XS, S, M, L, XL, XXL, 3XL, 4XL, etc)', 'L')]","Somewhat well, but fit issues",For the better,,,,,,,,too small,,,too big,thighs and butt too tight,,10.5,38.5,,6.5,1.0,12.0,20.5,10.0,12.0,,,,,,,,,,,,,,,,,68.0,60.5,23.0,16.0,18.0,5.0,22.0,12.5,11.0,13.0,11.0,7.0,9.0,,,,,,,16.5,,,34.0,,,,,,,,,,,,,,,,36.0,,6.5,,,38.5,,,,,,13.0,,41.0,,,33.0,22.5,,,,,,
28/06/2026 23:40:33,Transmasc,18-29,inch,Tumblr,,Yes,Yes,3-5 years,,Yes,,,,No,No,No,Both,,,No,I don't know/remember my size pre-transition,,"Poorly, fit issues in special sections",For the better,too big,too small,too small,too big,,too big,too big,too small,too big,too small,,,42.0,26.0,44.0,,7.0,0.0,14.75,24.5,11.0,15.0,,,,,,,,,,,,,,,,,69.0,60.0,22.5,14.5,17.0,6.25,22.5,13.25,10.5,15.5,11.5,6.5,9.0,7.5,9.25,5.15,,14.0,,17.0,20.0,7.5,41.0,22.0,14.0,,10.0,9.0,18.0,8.5,6.5,17.5,16.75,15.0,18.5,16.25,5.5,23.5,44.25,24.5,5.0,4.75,3.5,46.0,21.0,10.75,10.5,11.75,13.5,14.5,35.0,44.0,43.0,45.5,29.0,27.0,15.5,16.5,9.75,14.0,18.5,3.0
29/06/2026 00:52:46,Transmasc,18-29,inch,Tumblr,,Yes,"No, > 2 years",3-5 years,,Yes,,,,No,No,No,Both,,By cis standards,No,Yes,"[('International letter sizes (XXS, XS, S, M, L, XL, XXL, 3XL, 4XL, etc)', 'XL'), ('International letter sizes (XXS, XS, S, M, L, XL, XXL, 3XL, 4XL, etc)', '1X')]","Poorly, special sections",For the worse,too big,,too big,,,too small,too big,too small,,,too small,,38.189,7.874,39.37,,5.906,0.787,12.205,22.047,8.858,10.236,,,,,,,,,,,,,,,,,63.78,56.299,23.622,16.535,17.323,7.087,20.866,13.189,10.63,14.961,11.417,6.89,9.055,7.087,7.677,5.512,5.906,14.173,,17.717,,9.055,37.795,12.598,10.433,,,,15.748,,,15.354,,,,,3.74,,40.945,13.386,10.63,9.449,,43.307,11.417,,,,15.551,13.78,,39.764,,,,25.984,15.354,16.535,9.449,12.008,14.961,3.346
29/06/2026 04:30:27,Transmasc,18-29,inch,Facebook,,Yes,Yes,5-10 years,,Yes,,,,No,No,No,,,,No,I don't know/remember my size pre-transition,,"Somewhat well, but fit issues",Neutrally,,too small,too big,,,,,too small,too big,too big,too big,,34.646,5.906,,,7.087,0.787,8.268,15.354,7.874,10.236,,,,,,,,,,,,,,,,,60.236,56.299,21.654,14.961,18.11,6.693,,13.386,9.449,12.205,10.63,6.299,9.449,7.48,7.874,6.299,3.543,12.205,12.205,16.535,16.929,7.087,38.583,,14.567,,11.417,7.874,18.504,11.024,9.055,18.504,18.898,15.354,18.898,11.024,9.055,18.11,38.189,9.055,5.118,5.512,4.724,41.732,,8.268,9.843,9.055,9.449,10.63,27.559,38.583,38.976,41.732,28.74,22.047,14.567,14.961,9.055,11.811,17.323,4.331
29/06/2026 05:57:36,Transmasc,18-29,inch,Tumblr,"['Scrubs for work', 'Slacks']",Yes,Yes,10+ years,,Yes,,,,No,No,No,,,By cis standards,No,I never shopped in my birth sex's aisle/adult sizes/clothing stores pre-transition,,N/A,Not applicable,,,too big,,,too small,,too small,,too small,too small,,34.0,14.0,35.0,,4.5,1.0,8.5,14.0,5.75,7.0,,,,,,,,,,,,,,,,,62.0,48.5,23.0,14.0,20.0,6.0,20.5,13.0,9.5,12.5,10.5,6.5,8.0,7.0,8.0,5.0,3.5,12.5,16.0,12.75,19.0,7.0,37.5,18.75,13.0,,8.75,8.5,18.0,7.0,,18.0,15.5,15.5,18.0,16.0,5.0,19.5,35.0,19.5,3.0,3.0,,39.0,19.0,5.5,6.0,7.5,9.5,7.0,23.0,,33.0,35.5,25.0,22.5,13.0,14.5,9.0,11.5,16.5,2.5
29/06/2026 08:24:40,Transmasc,18-29,inch,Tumblr,"['long jackets/nice coats in general', 'pretty much all masculine formal wear', ""any and all shirts that aren't awkward around hips""]",Yes,Yes,3-5 years,,Yes,,,,No,No,No,,,,No,I don't know/remember my size pre-transition,,"Somewhat well, but fit issues",For the worse,too big,,too big,,,too big,,too small,too big,,,pants either too big around waist/crotch or small,32.6,17.25,33.5,,6.5,1.0,9.5,16.75,8.75,9.5,,,,,,,,,,,,,,,,,68.0,59.0,21.0,14.0,15.75,6.75,23.0,14.5,9.5,13.0,9.5,7.0,8.5,8.5,7.0,8.0,4.0,14.0,18.0,20.5,20.5,8.75,31.5,20.5,13.5,,9.0,,17.5,6.0,,20.5,22.0,17.75,15.0,12.5,4.0,17.0,37.5,18.5,4.0,6.0,4.0,38.5,23.5,7.0,9.0,6.0,12.5,12.5,31.0,43.0,41.0,41.0,32.0,24.0,14.0,13.5,9.0,12.0,19.0,3.5
29/06/2026 09:00:13,Transmasc,30-39,inch,Tumblr,,Yes,Yes,3-5 years,,Yes,,,,Yes,No,No,,,Both,No,I don't know/remember my size pre-transition,,"Somewhat well, but fit issues",Neutrally,too big,,too big,too big,,too small,too big,too small,,too small,too big,i have to shop in kids section at 30+,32.283,16.142,33.858,,5.512,1.969,8.268,17.717,5.906,7.48,,,,,,,,,,,,,,,,,61.417,50.394,20.866,11.417,13.386,5.906,18.898,11.024,8.661,10.827,8.661,5.512,7.283,6.299,6.693,5.906,4.331,11.024,12.992,18.11,19.685,7.087,29.921,15.748,11.024,,10.236,8.268,16.535,,,16.929,16.142,14.567,17.323,14.173,3.937,17.717,34.646,17.323,5.118,4.724,3.937,39.37,18.504,9.449,8.268,11.024,13.386,12.992,29.134,38.583,37.795,39.37,27.165,23.228,13.78,12.992,8.661,11.024,16.929,2.362
29/06/2026 11:34:06,Transmasc,18-29,inch,Tumblr,"['pants. boardshorts/ other non stretchy bottoms', 'swimwear speedos', 'shirts jackets that are not as long']",Yes,"No, 1-2 years",10+ years,,Yes,,,,No,No,No,Now,,,No,Yes,"[('Other system: Australia ', 'M, 12')]","Somewhat well, but fit issues",Not applicable,too big,,too big,too small,,too big,too big,too small,,too small,too big,lack of ass room. im a wheelchair user ,36.614,16.929,38.976,,6.102,1.181,9.843,16.929,,,,,,,,,,,,,,,,,,,66.929,,22.835,15.354,16.142,5.118,18.898,,,12.795,,6.693,8.268,,,,,,,15.748,,,38.583,21.654,17.323,,,,,,,,,,,,,,38.189,,,,,43.701,,,,,,,,,,,,26.772,,,,,,
30/06/2026 03:49:02,Transmasc,18-29,inch,Tumblr,['Flowy tops (ie blouses for men)'],Yes,Yes,5-10 years,,No,,,,No,No,No,,,By cis standards,No,Yes,"[('International letter sizes (XXS, XS, S, M, L, XL, XXL, 3XL, 4XL, etc)', 'M')]","Somewhat well, but fit issues",Neutrally,,,,,,,,too small,too big,,too big,,36.0,14.0,37.5,39.0,,,,,,,,,,,,,,,,,,,,,,,64.0,54.0,22.0,14.5,16.5,6.0,20.0,12.0,9.0,12.5,10.0,6.0,8.5,7.0,8.0,6.0,,15.0,17.0,16.0,15.0,8.0,34.0,21.0,11.0,,6.0,9.0,15.0,6.0,3.0,17.0,18.0,15.0,17.0,18.0,,22.5,36.0,,7.0,5.5,4.0,40.0,11.0,7.0,6.0,6.0,7.0,6.0,21.5,35.0,35.0,36.0,29.0,23.0,13.5,14.5,9.5,12.5,17.0,3.5
30/06/2026 19:44:33,Transmasc,18-29,inch,Tumblr,,Yes,Yes,3-5 years,,Yes,,,,No,No,No,,By trans standards,,No,Yes,"[('US (00, 0, 2, 4, 6, 8, 10, 12, 14, 16, 18, 20, etc)', '8'), ('International letter sizes (XXS, XS, S, M, L, XL, XXL, 3XL, 4XL, etc)', 'M')]","Somewhat well, but fit issues",For the better,,,,,,,,too small,,too small,,,33.071,17.717,34.252,,7.087,3.543,8.661,12.205,7.48,9.055,,,,,,,,,,,,,,,,,71.26,55.512,22.047,13.78,14.961,5.906,22.047,11.811,10.63,12.992,10.236,6.299,7.874,8.268,9.843,5.906,3.543,13.386,14.173,16.535,16.142,8.661,32.283,17.717,11.024,11.417,4.724,7.874,14.173,5.906,3.15,17.323,16.929,15.354,13.386,11.811,5.118,16.929,34.646,20.472,2.756,3.15,2.756,41.339,20.472,7.087,7.48,12.598,7.087,12.205,29.921,45.669,45.276,48.031,33.071,21.654,14.961,15.748,9.055,11.811,18.898,4.331
30/06/2026 21:02:07,Transmasc,18-29,inch,Tumblr,,Yes,"No, < 1 year",5-10 years,,Yes,,,,Yes,No,No,,,,No,Yes,"[('International letter sizes (XXS, XS, S, M, L, XL, XXL, 3XL, 4XL, etc)', 'XS'), ('International letter sizes (XXS, XS, S, M, L, XL, XXL, 3XL, 4XL, etc)', 'S'), ('International letter sizes (XXS, XS, S, M, L, XL, XXL, 3XL, 4XL, etc)', 'M')]","Somewhat well, but fit issues",Neutrally,,,too big,,,,too big,too small,,,too big,,35.039,18.504,37.992,,5.118,0.787,7.48,15.354,6.299,7.874,,,,,,,,,,,,,,,,,62.992,53.15,21.85,13.78,15.354,3.937,22.047,12.008,10.236,12.598,9.843,6.496,7.48,6.299,7.48,5.512,4.331,15.945,15.551,12.598,14.173,6.693,33.071,17.717,12.008,,6.89,7.48,14.961,,,14.567,15.354,12.992,13.386,14.173,2.756,16.535,33.465,18.898,3.937,3.15,3.543,39.961,19.685,8.661,8.268,9.843,14.567,11.22,31.496,41.339,,,29.134,22.441,12.795,14.567,9.055,11.417,15.354,3.937
01/07/2026 09:29:24,Transmasc,18-29,inch,Tumblr,"['Denim Jackets', 'Trousers/Joggers with elasticated ankle cuff', 'Running shorts with inner+outer shorts.']",Yes,Yes,3-5 years,,Yes,,,,No,No,No,Both,,Both,No,Yes,"[('UK (2, 4, 6, 8, 10, 12, 14, 16, 18, 20, 22, 24, etc)', '16')]","Poorly, fit issues in special sections",Neutrally,,,too big,too big,,too small,too big,too small,too big,too small,too small,,36.22,19.291,37.008,,7.48,0.0,12.992,20.472,10.63,13.78,,,,,,,,,,,,,,,,,62.992,51.181,22.441,13.78,14.961,5.906,18.11,9.449,8.661,12.205,10.236,6.693,9.449,7.48,7.087,5.906,5.118,17.717,,16.535,19.685,9.449,35.039,21.26,13.386,,8.661,,14.567,,,16.929,17.717,15.748,16.142,15.748,4.724,20.079,41.339,20.472,3.937,3.937,,43.701,25.197,7.874,7.874,,12.992,14.173,31.89,41.339,39.37,,25.591,27.559,14.961,16.929,10.236,12.598,14.961,3.15
01/07/2026 12:33:48,Transmasc,18-29,inch,Tumblr,"['jeans / pants', 'suits']",Yes,Yes,3-5 years,,Yes,,,,No,No,No,Now,,By cis standards,No,I don't know/remember my size pre-transition,,"Somewhat well, but fit issues",For the worse,,,too big,,,too small,too big,,too big,,too big,,42.126,7.874,44.488,,5.906,0.0,13.78,25.984,9.055,1.969,,,,,,,,,,,,,,,,,65.748,,22.441,16.929,18.898,5.906,22.047,15.354,9.055,14.173,11.811,7.087,9.055,,,,,18.898,19.685,19.291,,,47.244,25.197,12.205,,5.118,10.63,14.961,,,16.142,,15.354,,,,,45.276,23.622,7.48,5.512,,48.425,23.622,11.811,,,,12.598,35.039,42.52,43.307,,28.346,28.346,17.323,16.535,9.843,,19.291,
02/07/2026 04:17:15,Transfemme,30-39,inch,Tumblr,,Yes,"No, < 1 year",10+ years,No,,No,No,No,,Extra,No,Now,,,,Yes,"[('International letter sizes (XXS, XS, S, M, L, XL, XXL, 3XL, 4XL, etc)', 'M')]","Somewhat well, but fit issues",Neutrally,too small,,too small,too small,,too small,too small,,too small,too small,,,41.0,,,42.0,,,,,,,39.5,38.0,13.0,11.0,25.0,42.5,41.5,40.0,5.0,10.0,4.0,2.5,4.0,4.5,2.5,,68.0,59.0,23.0,14.5,,5.5,24.0,16.25,11.0,13.0,11.0,7.0,9.25,9.0,12.0,7.5,,,,17.0,15.0,,40.0,24.5,15.5,16.5,8.0,11.0,18.0,8.25,7.0,19.5,18.5,18.0,21.0,,,,40.0,,,,,42.5,24.0,7.0,8.0,8.0,10.0,10.5,31.0,42.5,40.0,43.0,31.5,26.0,15.5,15.5,10.0,13.5,17.5,3.5
02/07/2026 07:04:47,Transmasc,18-29,inch,Tumblr,"['Button-up shirt (business casual/formal)', 'Chino trousers', 'Chino shorts']",Yes,Yes,3-5 years,,Yes,,,,Yes,No,No,,,,No,I don't know/remember my size pre-transition,,Very well,For the worse,too big,too big,,too big,,too big,too big,too small,too big,too big,too big,Target gender aisle - thigh area too tight,26.75,12.5,28.25,,,,,,,,,,,,,,,,,,,,,,,,65.0,51.75,20.75,12.5,12.0,5.75,20.5,12.5,9.0,9.5,8.25,5.75,7.75,6.0,7.25,5.5,3.0,13.75,13.75,14.5,14.75,6.75,24.25,13.0,13.0,,8.5,6.5,15.5,7.0,6.5,16.25,,,,14.5,5.5,19.5,27.5,,3.0,3.0,,32.75,,7.75,8.0,,10.25,9.0,24.75,38.5,37.75,,28.0,18.0,12.25,12.5,8.75,10.5,15.75,3.0
02/07/2026 18:25:24,Transmasc,18-29,inch,Tumblr,['dresses'],Yes,Yes,3-5 years,,Yes,,,,No,No,No,,,,No,I don't know/remember my size pre-transition,,Very well,Not applicable,,,,,,,,too small,,,too small,,33.858,18.307,34.449,,,,,,,,,,,,,,,,,,,,,,,,67.323,58.858,22.52,14.567,16.339,5.433,21.26,11.811,10.236,10.433,9.843,5.827,8.543,5.906,5.709,4.606,5.709,13.78,,15.315,,7.362,30.394,,12.835,,8.819,,15.748,,,16.063,,13.898,,11.575,4.173,16.85,33.465,,3.228,3.268,2.362,38.583,18.386,8.622,8.504,9.094,10.827,10.236,26.89,43.346,42.835,44.528,32.283,22.559,13.543,13.661,8.583,12.598,18.15,3.543
02/07/2026 20:48:47,Transfemme,18-29,inch,Through someone I know / Word of mouth (incl. messaging and email),"['Longer sleeves!', 'Longer pants!', 'Taller dresses!']",Yes,Yes,3-5 years,Yes,,No,No,No,,No,No,,By cis standards,,,I don't know/remember my size pre-transition,,"Somewhat well, but fit issues",Neutrally,,,too small,,,,too small,,,,too small,,35.0,,,37.0,,,,,,,34.0,33.0,12.0,14.0,17.0,38.0,38.0,35.0,4.5,7.5,3.0,2.0,4.0,3.0,3.0,,71.0,60.5,23.0,14.0,15.0,6.0,24.0,13.0,12.0,11.0,11.0,7.0,8.5,6.0,6.0,6.0,4.0,16.0,15.0,16.5,16.0,8.5,31.0,16.0,14.75,16.0,10.5,8.5,14.0,7.25,6.5,17.0,18.0,16.75,18.0,,,,34.0,,2.25,2.0,2.0,41.0,20.0,8.0,10.5,10.5,10.0,10.75,31.5,44.5,44.0,45.0,33.0,24.0,16.0,15.0,10.0,14.0,19.0,3.5
03/07/2026 19:02:39,Transmasc,18-29,inch,Tumblr,"['Trousers (any trousers).', 'Boxer shorts and swim trunks.', 'An A-line shirt dress.']",Yes,Yes,5-10 years,,Yes,,,,No,No,No,,,Both,No,I never shopped in my birth sex's aisle/adult sizes/clothing stores pre-transition,,N/A,Neutrally,too small,,,,,too big,too big,too big,,too big,too big,In need of a smaller size than is provided.,29.724,15.354,31.496,,,,,,,,,,,,,,,,,,,,,,,,62.008,53.937,22.047,12.205,15.157,5.906,20.079,12.598,9.843,9.055,9.055,5.906,7.677,,,,,11.811,15.354,15.551,18.504,7.677,27.559,13.386,11.417,,,,,,,,,14.567,,,,,29.921,13.386,3.937,2.756,3.346,34.646,13.78,7.677,9.055,8.661,10.236,10.236,25.984,38.976,38.976,39.764,29.921,18.11,12.992,12.598,8.858,12.598,18.11,3.15
03/07/2026 20:02:01,Transfemme,30-39,inch,Tumblr,"['trousers', ""women's jackets"", 'bras (cup/band ratio)']",Yes,"No, < 1 year",3-5 years,No,,No,No,No,,Extra,No,Now,,,,Yes,"[(""Other system: US men's pant sizes"", '30"" waist'), ('Other system: US men\'s/""unisex"" shirt sizes', 'medium')]","Somewhat well, but fit issues",For the worse,too small,,too small,too small,,,too small,too big,too small,,too small,,37.0,,,42.5,,,,,,,36.5,35.0,14.0,14.25,9.0,44.0,42.5,41.0,2.0,8.0,4.5,4.0,5.0,5.5,1.0,,69.0,59.0,23.0,15.5,16.5,6.0,22.0,13.0,10.0,14.0,12.0,7.5,9.5,8.0,8.5,6.5,4.0,15.5,16.0,23.0,22.5,9.0,37.5,19.0,9.5,11.0,8.5,10.0,18.0,6.0,4.0,16.0,19.5,15.0,18.5,19.0,3.5,20.0,42.5,24.5,7.0,4.0,4.0,45.0,21.0,9.0,12.0,14.0,16.0,14.0,37.0,45.0,46.0,46.5,31.0,27.5,16.5,15.0,9.5,12.5,19.0,3.0
04/07/2026 17:16:44,Transmasc,18-29,inch,Tumblr,,Yes,Yes,3-5 years,,Yes,,,,No,No,No,,,,No,I don't know/remember my size pre-transition,,"Somewhat well, but fit issues",For the worse,too big,too big,too big,too big,,too big,too big,too small,too big,too small,too big,,32.0,,34.0,,5.5,0.5,9.0,17.0,7.5,9.0,,,,,,,,,,,,,,,,,66.0,56.5,22.5,14.0,17.5,7.0,22.5,12.5,9.5,12.0,9.0,6.5,,7.0,7.0,4.0,4.0,14.0,14.0,17.0,19.0,9.0,29.0,15.5,13.0,13.0,9.0,,13.5,8.5,7.0,16.0,18.0,17.5,16.5,12.0,6.0,17.5,32.0,16.0,3.0,4.0,3.0,37.0,18.0,9.0,9.0,12.0,13.0,12.0,29.0,42.0,39.0,42.0,29.0,21.0,14.0,14.0,10.0,12.0,20.0,3.0
05/07/2026 18:41:09,Transmasc,18-29,inch,Saw a flyer,"['Baggy Jeans', 'T shirt']",Yes,Yes,5-10 years,,Yes,,,,Yes,No,No,,,By cis standards,No,Yes,"[('International letter sizes (XXS, XS, S, M, L, XL, XXL, 3XL, 4XL, etc)', 'M-L')]",Very well,For the worse,,,,,,too big,too big,too small,too big,too small,too big,,37.008,3.937,39.37,,5.512,1.969,9.055,14.961,6.693,9.843,,,,,,,,,,,,,,,,,64.961,53.937,22.047,15.354,18.11,5.906,22.441,13.386,10.63,13.386,10.236,6.693,7.48,5.118,7.087,5.118,5.118,15.748,17.717,20.472,20.866,,33.071,17.717,12.205,12.205,10.63,9.843,17.323,7.48,5.906,16.142,17.323,14.567,14.567,15.748,2.756,17.717,36.22,,3.937,3.543,3.15,41.339,20.472,9.843,9.055,10.63,10.63,9.843,30.315,41.339,41.339,41.732,31.496,22.835,14.961,14.567,8.661,9.449,18.11,3.543
06/07/2026 02:28:54,Transmasc,18-29,inch,Tumblr,['dress shirts'],"No, Low-dose T (ex. half-dose)",Yes,3-5 years,,No,,,,Yes,No,No,,,Both,No,Yes,"[('US (00, 0, 2, 4, 6, 8, 10, 12, 14, 16, 18, 20, etc)', '4-6'), ('International letter sizes (XXS, XS, S, M, L, XL, XXL, 3XL, 4XL, etc)', 'M')]",Very poorly,For the better,too small,,too small,too big,,too small,too big,too big,too small,too big,,,35.25,19.0,39.25,40.5,,,,,,,,,,,,,,,,,,,,,,,65.0,53.0,23.375,15.75,19.0,6.5,22.0,13.25,9.5,13.75,10.875,6.75,8.875,7.25,7.5,8.0,6.25,16.0,17.0,17.375,20.0,9.25,35.5,19.5,13.0,14.5,8.0,7.75,16.75,6.125,4.0,17.75,15.75,15.0,15.5,15.375,,22.25,37.75,20.25,7.0,4.75,5.125,39.25,18.875,10.75,8.75,11.0,11.75,9.5,27.0,40.0,39.25,40.25,29.5,24.0,14.75,13.375,9.0,11.375,17.5,3.0
06/07/2026 05:28:22,Transmasc,18-29,inch,Tumblr,"['Suitjacket', 'Suits (masc + formal) in general']",Yes,Yes,3-5 years,,Yes,,,,No,No,No,Now,,By cis standards,No,Yes,"[('International letter sizes (XXS, XS, S, M, L, XL, XXL, 3XL, 4XL, etc)', 'M')]",Very well,For the worse,too big,,too big,too big,,,too big,too small,too big,too small,too big,Mismatch chest vs waist size both pre+post op,,9.0,36.5,,7.0,1.25,11.0,18.0,9.0,10.5,,,,,,,,,,,,,,,,,66.0,57.0,22.5,14.5,15.0,6.5,23.0,13.0,12.0,15.0,11.0,6.5,9.0,,,,,,,15.0,,,43.5,,,,,,,,,,,,,,,,43.0,22.0,,,,47.0,,,,,15.0,9.0,,41.0,,,,29.0,,17.0,,,,
